steps,time,reward,delta,converged
1,0.002195000000028813,57.0,125.25,False
2,0.002121000000101958,57.0,0,True
