steps,time,reward,delta,converged
1,0.011360999999965316,-541.1868310690173,160.20605967643468,False
2,0.02164499999992131,1220.650764483563,79.119357134882,False
3,0.01642000000003918,1434.939697822044,11.780632827922016,False
4,0.014619999999922584,1449.0764516023303,7.068376821733361,False
5,0.014626000000021122,1476.863644113366,4.241023211418938,False
6,0.01465799999994033,1482.0342916555298,2.5446110342282307,False
7,0.01460599999995793,1485.1366734230003,1.5267637095770508,False
8,0.014660000000048967,1487.0376691274025,0.9160552842250842,False
9,0.014671000000021195,1487.0376691274025,4.775196671857884e-06,True
