steps,time,reward,delta,converged
1,0.0038720000000000976,-5.666666666666665,0.31666666666666665,False
2,0.003470000000000084,-5.666666666666665,0,True
