steps,time,reward,delta,converged
1,0.023640999999997803,-36.36666666666684,0.31666666666666665,False
2,0.025829000000001656,-36.36666666666684,0,True
