steps,time,reward,delta,converged
1,0.0014200000000528235,-5.666666666666665,1.0,False
2,0.0013179999999692882,-5.666666666666665,0,True
