steps,time,reward,delta,converged
1,0.008021999999982654,-36.36666666666684,1.0,False
2,0.009017999999969106,-36.36666666666684,0,True
